molecule_chembl_id,canonical_smiles,standard_value,bioactivity_class
CHEMBL1784774,CC(=O)N[C@@H](COP(=O)(O)O)C(=O)N1CCC[C@H]1C(=O)N[C@H](C(=O)N[C@@H](Cc1ccccc1)C(N)=O)[C@@H](C)O,4600.0,intermediate
CHEMBL1784771,CC(=O)N[C@@H](CCC(=O)O)C(=O)N1CCC[C@H]1C(=O)N[C@H](C(=O)N[C@@H](Cc1ccccc1)C(N)=O)[C@@H](C)O,250000.0,inactive
CHEMBL1784772,CC(=O)N[C@@H](CC(C(=O)O)C(=O)O)C(=O)N1CCC[C@H]1C(=O)N[C@H](C(=O)N[C@@H](Cc1ccccc1)C(N)=O)[C@@H](C)O,52800.0,inactive
CHEMBL1784773,CC(=O)N[C@H](C(=O)N1CCC[C@H]1C(=O)N[C@H](C(=O)N[C@@H](Cc1ccccc1)C(N)=O)[C@@H](C)O)[C@@H](C)OP(=O)(O)O,250000.0,inactive
CHEMBL1784704,CC(=O)N[C@@H](COP(=O)(O)O)C(=O)N[C@@H](C)C(=O)N[C@H](C(=O)N[C@@H](Cc1ccccc1)C(N)=O)[C@@H](C)O,15000.0,inactive
CHEMBL1784770,CC(=O)N[C@@H](COP(=O)(O)O)C(=O)N1CCC[C@H]1C(=O)N[C@@H](C)C(=O)N[C@@H](Cc1ccccc1)C(N)=O,35000.0,inactive
CHEMBL1784703,CC(=O)N[C@@H](COP(=O)(O)O)C(=O)N1CCC[C@H]1C(=O)N[C@H](C(=O)N[C@@H](Cc1ccccc1)C(N)=O)C(C)C,3200.0,intermediate
CHEMBL1784775,CC(=O)N[C@@H](COP(=O)(O)O)C(=O)N1CCC[C@H]1C(=O)N[C@@H](CO)C(=O)N[C@@H](Cc1ccccc1)C(N)=O,30100.0,inactive
CHEMBL1784776,CC[C@H](C)[C@H](NC(=O)[C@@H]1CCCN1C(=O)[C@H](COP(=O)(O)O)NC(C)=O)C(=O)N[C@@H](Cc1ccccc1)C(N)=O,7100.0,intermediate
CHEMBL1784777,CC(=O)N[C@@H](COP(=O)(O)O)C(=O)N1CCC[C@H]1C(=O)N[C@@H](CC(C)C)C(=O)N[C@@H](Cc1ccccc1)C(N)=O,18400.0,inactive
CHEMBL2369531,CC(=O)N[C@@H](COP(=O)(O)O)C(=O)N1CCC[C@H]1C(=O)N[C@H](C(=O)N[C@@H](Cc1ccc2ccccc2c1)C(N)=O)[C@@H](C)O,17700.0,inactive
CHEMBL2369532,CC(=O)N[C@@H](COP(=O)(O)O)C(=O)N1CCC[C@H]1C(=O)N[C@H](C(=O)N[C@@H](Cc1cccc2ccccc12)C(N)=O)[C@@H](C)O,171700.0,inactive
CHEMBL1784779,CC(=O)N[C@@H](COP(=O)(O)O)C(=O)N1CCC[C@H]1C(=O)N[C@H](C(=O)N[C@@H](Cc1ccc(O)cc1)C(N)=O)[C@@H](C)O,14900.0,inactive
CHEMBL1784780,CC(=O)N[C@@H](COP(=O)(O)O)C(=O)N[C@@H](C)C(=O)N[C@@H](C)C(=O)N[C@@H](Cc1ccccc1)C(N)=O,98400.0,inactive
CHEMBL1784781,CC(=O)N[C@@H](COP(=O)(O)O)C(=O)N1CCC[C@H]1C(=O)N1CCC[C@H]1C(=O)N[C@@H](Cc1ccccc1)C(N)=O,250000.0,inactive
CHEMBL1784782,CC(=O)N[C@H](Cc1ccccc1)C(=O)N[C@@H](C(=O)N[C@H](C)C(=O)N[C@H](COP(=O)(O)O)C(N)=O)[C@H](C)O,250000.0,inactive
CHEMBL1784783,C[C@@H](O)[C@H](NC(=O)[C@@H]1CCCN1C(=O)[C@@H](N)COP(=O)(O)O)C(=O)N[C@@H](Cc1ccccc1)C(N)=O,10800.0,inactive
CHEMBL1784784,CC(=O)N[C@@H](COP(=O)(O)O)C(=O)N1CCC[C@H]1C(=O)N[C@H](C(=O)N[C@@H](Cc1ccccc1)C(=O)O)[C@@H](C)O,1000.0,active
CHEMBL1784785,CC(=O)N[C@@H](COP(=O)(O)O)C(=O)N1CCC[C@H]1C(=O)N[C@H](C(=O)N[C@@H](Cc1ccccc1)C(=O)O)C(C)C,1600.0,intermediate
CHEMBL5723350,O=C(CNC(=O)[C@H](COP(=O)(O)O)NC(=O)CCc1c[nH]c2ccccc12)NCCCCc1ccccc1,310.0,active
